type,geometry,lat,lon,quantity
Feature,Point,52.52944444,13.39611111,2352
Feature,Point,52.53,13.38361111,2209
Feature,Point,52.53027778,13.37472222,1273
Feature,Point,52.52611111,13.36888889,69
Feature,Point,52.48972222,13.37583333,2
Feature,Point,52.48083333,13.35472222,6
Feature,Point,52.47222222,13.34722222,4
Feature,Point,52.44944444,13.36083333,3
Feature,Point,52.28194444,13.26388889,2
Feature,Point,52.17805556,13.24055556,3
Feature,Point,52.09388889,13.17638889,1
Feature,Point,52.09166667,13.16166667,5
Feature,Point,52.04611111,13.12722222,1
Feature,Point,52.00805556,13.08472222,1
Feature,Point,51.92,12.77555556,3
Feature,Point,51.89166667,12.74083333,1
Feature,Point,51.86833333,12.67444444,4
Feature,Point,51.84305556,12.64555556,1
Feature,Point,51.59777778,12.3075,2
Feature,Point,51.57194444,12.27138889,1
Feature,Point,51.53694444,12.33166667,1
Feature,Point,51.51777778,12.35416667,2
Feature,Point,51.40888889,12.38916667,1
Feature,Point,51.36333333,12.35916667,1
Feature,Point,51.35194444,12.30138889,3
Feature,Point,51.34638889,12.29333333,1
Feature,Point,51.34722222,12.26888889,1
Feature,Point,51.32333333,12.26444444,2
Feature,Point,51.30972222,12.2275,2
Feature,Point,51.30555556,12.12444444,1
Feature,Point,51.26472222,12.025,1
Feature,Point,51.24138889,12.01861111,1
Feature,Point,51.16,11.82138889,2
Feature,Point,51.16277778,11.80027778,1
Feature,Point,51.01305556,11.66388889,1
Feature,Point,50.88638889,11.59583333,2
Feature,Point,51.04333333,11.70388889,1
Feature,Point,50.88166667,11.60138889,1
Feature,Point,50.88111111,11.60861111,1
Feature,Point,50.84472222,11.60944444,4
Feature,Point,50.80527778,11.60361111,1
Feature,Point,50.77555556,11.52138889,2
Feature,Point,50.70472222,11.33611111,1
Feature,Point,50.71777778,11.33416667,2
Feature,Point,50.71416667,11.31833333,1
Feature,Point,50.65555556,11.37722222,1
Feature,Point,50.63222222,11.37916667,1
Feature,Point,50.55861111,11.34472222,1
Feature,Point,50.51166667,11.38972222,1
Feature,Point,50.48777778,11.37027778,1
Feature,Point,50.24138889,11.32194444,1
Feature,Point,50.21388889,11.3325,1
Feature,Point,50.17055556,11.21166667,3
Feature,Point,50.14333333,11.06305556,2
Feature,Point,50.01916667,10.9275,1
Feature,Point,49.90583333,10.87805556,1
Feature,Point,49.86,10.97166667,1
Feature,Point,49.73277778,11.05888889,3
Feature,Point,49.71694444,11.06833333,3
Feature,Point,49.70611111,11.06972222,1
Feature,Point,49.65555556,11.03583333,3
Feature,Point,49.59611111,11.00361111,5
Feature,Point,49.60138889,11.00305556,68
Feature,Point,49.5925,11.00194444,9
Feature,Point,49.56916667,10.99,1
Feature,Point,49.56333333,11.0025,1
Feature,Point,49.52111111,10.99111111,2
Feature,Point,49.51305556,10.98416667,2
Feature,Point,49.50333333,10.98,2
Feature,Point,49.48361111,10.96111111,2
Feature,Point,49.47944444,10.97027778,1
Feature,Point,49.47138889,10.98861111,6
Feature,Point,49.46777778,11.00444444,3
Feature,Point,49.44416667,11.06944444,1
Feature,Point,49.44333333,11.08111111,23
Feature,Point,49.41361111,11.17444444,2
Feature,Point,49.39166667,11.1875,1
Feature,Point,49.17805556,11.25388889,1
Feature,Point,48.86361111,11.47222222,1
Feature,Point,48.75972222,11.43777778,1
Feature,Point,48.72805556,11.44638889,1
Feature,Point,48.69027778,11.45416667,1
Feature,Point,48.62166667,11.57305556,1
Feature,Point,48.54333333,11.51027778,2
Feature,Point,48.57944444,11.50194444,1
Feature,Point,48.53222222,11.505,1
Feature,Point,48.52055556,11.52194444,2
Feature,Point,48.49194444,11.49333333,1
Feature,Point,48.45861111,11.51555556,1
Feature,Point,48.3175,11.43666667,1
Feature,Point,48.24472222,11.4475,5
Feature,Point,48.20083333,11.46111111,1
Feature,Point,48.17722222,11.46666667,1
Feature,Point,48.14777778,11.49027778,2
Feature,Point,48.14055556,11.53027778,1
Feature,Point,48.14444444,11.5825,1
Feature,Point,48.13944444,11.58194444,2
Feature,Point,48.13722222,11.58083333,1
Feature,Point,48.13305556,11.57861111,3
Feature,Point,48.13055556,11.59027778,1
Feature,Point,48.13527778,11.59805556,20
Feature,Point,48.13027778,11.60138889,11
Feature,Point,48.13611111,11.60305556,2
Feature,Point,48.13638889,11.55888889,8
Feature,Point,48.13916667,11.56166667,8
Feature,Point,48.14027778,11.56194444,13
Feature,Point,48.14166667,11.55944444,3
Feature,Point,48.14333333,11.55583333,2
Feature,Point,48.14666667,11.535,3
Feature,Point,48.11833333,11.54138889,2
Feature,Point,48.11722222,11.53333333,17
Feature,Point,48.12361111,11.54166667,2
Feature,Point,48.13888889,11.55305556,1
Feature,Point,48.14083333,11.56138889,1
Feature,Point,48.12916667,11.59305556,1
Feature,Point,48.12361111,11.61027778,1
Feature,Point,48.1325,11.60944444,1
Feature,Point,48.14944444,11.64972222,2
Feature,Point,48.17138889,11.64555556,1
Feature,Point,48.17638889,11.64666667,5
Feature,Point,48.27916667,11.71055556,3
Feature,Point,48.29972222,11.71416667,1
Feature,Point,48.35361111,11.78527778,4
Feature,Point,48.35555556,11.79166667,6
Feature,Point,48.35138889,11.79222222,2
Feature,Point,48.3525,11.79222222,8
Feature,Point,52.54833333,13.26472222,4
Feature,Point,52.57166667,13.31444444,17
Feature,Point,52.56833333,13.34611111,9
Feature,Point,52.55444444,13.2925,31
Feature,Point,52.55388889,13.29166667,52
Feature,Point,52.545,13.31694444,7
Feature,Point,52.53361111,13.32805556,13
Feature,Point,52.53166667,13.40444444,6197
Feature,Point,52.52638889,13.40333333,983
Feature,Point,52.52361111,13.39888889,176
Feature,Point,52.52833333,13.42194444,167
Feature,Point,52.53583333,13.41,92
Feature,Point,52.52555556,13.41305556,24
Feature,Point,52.52083333,13.41444444,140
Feature,Point,52.52055556,13.405,92
Feature,Point,52.515,13.39555556,272
Feature,Point,52.51833333,13.38777778,196
Feature,Point,52.51111111,13.39,3
Feature,Point,52.51416667,13.38916667,171
Feature,Point,52.49388889,13.38805556,12
Feature,Point,52.52694444,13.38805556,166
Feature,Point,52.52388889,13.39277778,44
Feature,Point,52.51944444,13.39083333,90
Feature,Point,52.5225,13.38083333,813
Feature,Point,52.53555556,13.37861111,11
Feature,Point,52.52972222,13.37416667,71
Feature,Point,52.53527778,13.39861111,142
Feature,Point,52.52833333,13.40972222,64
Feature,Point,52.52666667,13.49888889,42
Feature,Point,52.53416667,13.51666667,4
Feature,Point,52.52611111,13.48444444,11
Feature,Point,52.52527778,13.51833333,11
Feature,Point,52.53361111,13.47666667,1
Feature,Point,52.525,13.46444444,22
Feature,Point,52.51083333,13.39138889,25
Feature,Point,52.50333333,13.39583333,10
Feature,Point,52.51111111,13.40305556,4
Feature,Point,52.53583333,13.39027778,175
Feature,Point,52.52694444,13.36472222,47
Feature,Point,52.52194444,13.36638889,81
Feature,Point,52.51666667,13.3775,19
Feature,Point,52.51777778,13.37888889,733
Feature,Point,52.51194444,13.3825,93
Feature,Point,52.52361111,13.43944444,93
Feature,Point,52.55416667,13.54888889,1
Feature,Point,52.5875,13.56222222,1
Feature,Point,52.59638889,13.59222222,2
Feature,Point,52.60888889,13.6225,1
Feature,Point,52.64555556,13.74972222,49
Feature,Point,52.61944444,13.67083333,12
Feature,Point,52.60472222,13.80833333,5
Feature,Point,52.68222222,13.57777778,1
Feature,Point,52.66944444,13.56305556,1
Feature,Point,52.60861111,13.52805556,3
Feature,Point,52.50972222,13.35888889,6
Feature,Point,52.505,13.34083333,5
Feature,Point,52.49666667,13.33166667,23
Feature,Point,52.52472222,13.3575,4
Feature,Point,52.52388889,13.345,1
Feature,Point,52.55194444,13.30333333,43
Feature,Point,48.35666667,11.79138889,8
Feature,Point,48.22888889,11.68611111,2
Feature,Point,48.22444444,11.67916667,1
Feature,Point,48.19111111,11.6475,1
Feature,Point,48.13444444,11.58222222,1
Feature,Point,48.13888889,11.56611111,4
Feature,Point,48.13944444,11.56777778,2
Feature,Point,48.13444444,11.565,1
Feature,Point,48.13916667,11.55888889,3
Feature,Point,48.14277778,11.56694444,6
Feature,Point,48.145,11.56111111,3
Feature,Point,48.14861111,11.55944444,6
Feature,Point,48.16444444,11.5625,32
Feature,Point,48.15583333,11.56916667,9
Feature,Point,48.16027778,11.55861111,12
Feature,Point,48.15694444,11.57138889,3
Feature,Point,48.15722222,11.56583333,5
Feature,Point,48.15472222,11.56055556,2
Feature,Point,48.14305556,11.49888889,1
Feature,Point,48.18555556,11.46777778,1
Feature,Point,48.21388889,11.45638889,1
Feature,Point,48.26055556,11.43611111,3
Feature,Point,48.26055556,11.46083333,1
Feature,Point,48.54,11.49111111,3
Feature,Point,48.56777778,11.52527778,3
Feature,Point,48.64444444,11.54777778,1
Feature,Point,48.69055556,11.45472222,1
Feature,Point,48.74694444,11.43916667,1
Feature,Point,48.77388889,11.43,1
Feature,Point,48.91055556,11.47277778,1
Feature,Point,49.35527778,11.20555556,2
Feature,Point,49.44472222,11.09666667,22
Feature,Point,49.4475,11.07694444,2
Feature,Point,49.45138889,11.07416667,10
Feature,Point,49.44944444,11.07805556,3
Feature,Point,49.45638889,11.0775,6
Feature,Point,49.45194444,11.07722222,1
Feature,Point,49.44638889,11.08083333,22
Feature,Point,49.46138889,11.01944444,1
Feature,Point,49.46222222,11.01083333,2
Feature,Point,49.46722222,10.95166667,2
Feature,Point,49.4925,10.94472222,3
Feature,Point,49.51805556,10.83527778,1
Feature,Point,49.55277778,10.74638889,1
Feature,Point,49.5775,10.60472222,3
Feature,Point,49.57055556,10.59638889,2
Feature,Point,49.62833333,10.47305556,2
Feature,Point,49.69833333,10.25083333,2
Feature,Point,49.72222222,10.27416667,1
Feature,Point,49.725,10.15861111,2
Feature,Point,49.76944444,10.15972222,2
Feature,Point,49.79111111,10.02722222,3
Feature,Point,49.80194444,9.975277778,2
Feature,Point,49.79638889,9.956388889,3
Feature,Point,49.82972222,9.861944444,2
Feature,Point,49.93166667,9.724722222,1
Feature,Point,50.40638889,9.650833333,1
Feature,Point,50.54972222,9.685277778,4
Feature,Point,50.56527778,9.682777778,1
Feature,Point,50.68944444,9.615277778,2
Feature,Point,50.77055556,9.6025,1
Feature,Point,50.8725,9.588055556,2
Feature,Point,51.28138889,9.450833333,3
Feature,Point,51.29388889,9.445833333,1
Feature,Point,51.31277778,9.448611111,1
Feature,Point,51.33194444,9.468888889,2
Feature,Point,51.40833333,9.720277778,13
Feature,Point,51.52416667,9.916388889,1
Feature,Point,51.53305556,9.924722222,2
Feature,Point,51.51111111,9.888055556,2
Feature,Point,51.71805556,10.00277778,1
Feature,Point,51.73888889,9.988055556,1
Feature,Point,51.82944444,9.983333333,1
Feature,Point,52.06194444,9.960833333,2
Feature,Point,52.19444444,10.10166667,2
Feature,Point,52.17777778,10.23305556,2
Feature,Point,52.19694444,10.32388889,5
Feature,Point,52.23222222,10.39361111,4
Feature,Point,52.25194444,10.53166667,1
Feature,Point,52.25444444,10.54027778,11
Feature,Point,52.25527778,10.62472222,2
Feature,Point,52.33083333,10.66722222,5
Feature,Point,52.39805556,10.7125,1
Feature,Point,52.425,10.72055556,42
Feature,Point,52.42972222,10.82111111,13
Feature,Point,52.43166667,10.85388889,14
Feature,Point,52.57333333,11.87611111,15
Feature,Point,52.60305556,12.37805556,25
Feature,Point,52.53805556,13.13166667,16
Feature,Point,52.53388889,13.17777778,30
Feature,Point,52.53722222,13.18777778,17
Feature,Point,52.53361111,13.19555556,18
Feature,Point,52.53638889,13.20305556,38
Feature,Point,52.52777778,13.22055556,21
Feature,Point,52.53055556,13.24,25
Feature,Point,52.51916667,13.25027778,21
Feature,Point,52.49388889,13.28611111,7
Feature,Point,52.50527778,13.30083333,39
Feature,Point,52.51083333,13.32888889,10
Feature,Point,52.51333333,13.33694444,5
Feature,Point,52.5575,13.3725,16
Feature,Point,52.52388889,13.42138889,15
Feature,Point,52.50694444,13.37833333,70
Feature,Point,52.50583333,13.3725,20
Feature,Point,52.50861111,13.37222222,64
Feature,Point,52.52027778,13.35472222,26
Feature,Point,52.50611111,13.32166667,5
Feature,Point,52.50444444,13.28055556,4
Feature,Point,52.50055556,13.2725,3
Feature,Point,52.50916667,13.26111111,9
Feature,Point,52.52777778,13.1875,2
Feature,Point,52.53222222,13.07361111,20
Feature,Point,52.5375,13.03111111,12
Feature,Point,52.55694444,12.86916667,3
Feature,Point,52.57472222,12.79722222,8
Feature,Point,52.60166667,12.53,9
Feature,Point,52.59138889,12.22388889,16
Feature,Point,52.58805556,12.14555556,7
Feature,Point,52.59722222,11.83611111,13
Feature,Point,52.57861111,11.7125,9
Feature,Point,52.53277778,11.54194444,16
Feature,Point,52.43111111,10.90722222,24
Feature,Point,52.41944444,10.84972222,6
Feature,Point,52.42666667,10.7875,22
Feature,Point,52.48138889,10.36194444,5
Feature,Point,52.44166667,10.28388889,6
Feature,Point,52.37416667,9.745,14
Feature,Point,52.39583333,9.644444444,6
Feature,Point,52.42333333,9.432222222,30
Feature,Point,52.32527778,9.198888889,12
Feature,Point,52.33611111,9.201666667,12
Feature,Point,52.28972222,8.915555556,2
Feature,Point,52.28583333,8.950833333,17
Feature,Point,52.25444444,8.932777778,16
Feature,Point,52.24666667,8.921388889,9
Feature,Point,52.24166667,8.936111111,21
Feature,Point,52.21138889,8.842222222,16
Feature,Point,52.20472222,8.796944444,4
Feature,Point,52.20388889,8.793055556,9
Feature,Point,52.19888889,8.734444444,15
Feature,Point,52.0275,8.528055556,11
Feature,Point,52.01888889,8.530277778,2
Feature,Point,52.01111111,8.514444444,33
Feature,Point,51.85361111,8.285555556,3
Feature,Point,51.85472222,8.273333333,9
Feature,Point,51.84138889,8.203888889,17
Feature,Point,51.76972222,7.913888889,19
Feature,Point,51.76083333,7.893888889,15
Feature,Point,51.70472222,7.833611111,240
Feature,Point,51.69055556,7.81,59
Feature,Point,51.68888889,7.792222222,17
Feature,Point,51.67916667,7.813333333,108
Feature,Point,51.70416667,7.752222222,3
Feature,Point,51.76111111,7.735833333,5
Feature,Point,51.90138889,7.651666667,23
Feature,Point,51.97194444,7.676666667,7
Feature,Point,51.9875,7.698888889,1
Feature,Point,51.98055556,7.780555556,260
Feature,Point,51.98722222,7.794166667,14
Feature,Point,51.91722222,7.810277778,1
Feature,Point,51.94388889,7.772222222,2
Feature,Point,51.93,7.719444444,2
Feature,Point,51.93833333,7.705833333,1
Feature,Point,51.95,7.666388889,2
Feature,Point,51.95166667,7.649722222,3
Feature,Point,51.95583333,7.643333333,6
Feature,Point,51.95972222,7.634722222,237
Feature,Point,51.94916667,7.638055556,33
Feature,Point,51.83527778,7.691111111,2
Feature,Point,51.73083333,7.859166667,11
Feature,Point,51.80388889,8.033888889,6
Feature,Point,51.81777778,8.077777778,8
Feature,Point,51.89416667,8.374166667,2
Feature,Point,51.97111111,8.453333333,8
Feature,Point,52.02944444,8.534166667,48
Feature,Point,52.03555556,8.565833333,1
Feature,Point,52.03944444,8.569166667,4
Feature,Point,52.05222222,8.591666667,5
Feature,Point,52.10083333,8.632777778,8
Feature,Point,52.15166667,8.666666667,19
Feature,Point,52.19861111,8.716111111,28
Feature,Point,52.20972222,8.760277778,13
Feature,Point,52.20138889,8.776111111,10
Feature,Point,52.20305556,8.811944444,5
Feature,Point,52.22527778,8.877777778,13
Feature,Point,52.26527778,9.0475,13
Feature,Point,52.26777778,9.065833333,13
Feature,Point,52.26888889,9.135277778,4
Feature,Point,52.32888889,9.180277778,4
Feature,Point,52.35361111,9.283333333,34
Feature,Point,52.41416667,9.490277778,5
Feature,Point,52.38972222,9.598333333,17
Feature,Point,52.37972222,9.801944444,4
Feature,Point,52.36027778,9.854166667,7
Feature,Point,52.37083333,9.971111111,8
Feature,Point,52.38611111,10.00027778,9
Feature,Point,52.43388889,10.79416667,8
Feature,Point,52.43722222,10.99916667,50
Feature,Point,52.58638889,12.33805556,2
Feature,Point,52.54638889,12.94333333,18
Feature,Point,52.53972222,12.97888889,2
Feature,Point,52.5075,12.96666667,1
Feature,Point,52.41138889,12.98194444,4
Feature,Point,52.39388889,13.06,4
Feature,Point,52.39444444,13.08194444,3
Feature,Point,52.38555556,13.10444444,1
Feature,Point,52.39194444,13.12888889,4
Feature,Point,52.42027778,13.17888889,7
Feature,Point,52.50805556,13.34416667,6
Feature,Point,52.51944444,13.345,26
Feature,Point,52.51416667,13.40861111,9
Feature,Point,52.52,13.42,1
Feature,Point,52.51611111,13.41305556,5
Feature,Point,52.49916667,13.41861111,33
Feature,Point,52.50388889,13.38166667,79
Feature,Point,52.4425,13.34416667,8
Feature,Point,52.4525,13.3325,2
Feature,Point,52.45305556,13.34388889,2
Feature,Point,52.43166667,13.31111111,4
Feature,Point,52.44444444,13.28888889,1
Feature,Point,52.4475,13.3025,1
Feature,Point,52.45333333,13.31305556,8
Feature,Point,52.4575,13.32361111,3
Feature,Point,52.46666667,13.31194444,2
Feature,Point,52.47138889,13.33166667,2
Feature,Point,52.47666667,13.33777778,1
Feature,Point,52.47916667,13.34305556,7
Feature,Point,52.46888889,13.37583333,2
Feature,Point,52.46611111,13.43,2
Feature,Point,52.48138889,13.47388889,1
Feature,Point,52.49444444,13.47055556,7
Feature,Point,52.505,13.46944444,1
Feature,Point,52.50194444,13.48472222,7
Feature,Point,52.50833333,13.45027778,1
Feature,Point,52.54388889,13.39972222,30
Feature,Point,52.54138889,13.41166667,31
Feature,Point,52.52277778,13.43277778,7
Feature,Point,52.52694444,13.44833333,24
Feature,Point,52.53388889,13.43888889,3
Feature,Point,52.52083333,13.41472222,18
Feature,Point,52.54361111,13.15055556,7
Feature,Point,52.5175,11.33333333,10
Feature,Point,52.42777778,10.77666667,5
Feature,Point,52.45638889,10.55361111,21
Feature,Point,52.41666667,10.17638889,14
Feature,Point,52.39166667,10.08388889,4
Feature,Point,52.37861111,9.9925,21
Feature,Point,52.37472222,10.04833333,3
Feature,Point,52.37555556,9.751666667,5
Feature,Point,52.37777778,9.743055556,8
Feature,Point,52.39222222,9.721944444,18
Feature,Point,52.39333333,9.689722222,8
Feature,Point,52.37916667,9.208611111,16
Feature,Point,52.30333333,8.951666667,24
Feature,Point,52.2125,8.885555556,8
Feature,Point,52.21027778,8.811666667,1
Feature,Point,52.16027778,8.6675,10
Feature,Point,51.98972222,8.496666667,3
Feature,Point,51.79555556,8.031388889,5
Feature,Point,51.79138889,7.959166667,3
Feature,Point,51.75888889,7.908333333,1
Feature,Point,51.66611111,7.817222222,33
Feature,Point,51.63555556,7.780833333,25
Feature,Point,51.54388889,7.730555556,4
Feature,Point,51.53805556,7.697777778,29
Feature,Point,51.53694444,7.663055556,2
Feature,Point,51.45083333,7.567777778,4
Feature,Point,51.44083333,7.566111111,1
Feature,Point,51.38472222,7.451111111,3
Feature,Point,51.37694444,7.456388889,4
Feature,Point,51.37138889,7.464166667,2
Feature,Point,51.36361111,7.464722222,5
Feature,Point,51.3475,7.442222222,2
Feature,Point,51.33777778,7.3925,1
Feature,Point,51.34305556,7.345,1
Feature,Point,51.31111111,7.332222222,6
Feature,Point,51.29472222,7.286388889,1
Feature,Point,51.28194444,7.26,2
Feature,Point,51.27333333,7.225555556,4
Feature,Point,51.27333333,7.212777778,2
Feature,Point,51.25527778,7.165277778,6
Feature,Point,51.25194444,7.130277778,1
Feature,Point,51.24194444,7.103055556,5
Feature,Point,51.18166667,6.997222222,4
Feature,Point,51.16888889,7.002222222,1
Feature,Point,51.02472222,7.018055556,5
Feature,Point,50.97805556,7.015555556,10
Feature,Point,50.96833333,7.018055556,5
Feature,Point,50.94416667,6.987222222,16
Feature,Point,50.94111111,6.971944444,16
Feature,Point,50.94388889,6.960277778,30
Feature,Point,50.94138889,6.955,6
Feature,Point,50.95027778,6.958611111,16
Feature,Point,50.94055556,6.939722222,2
Feature,Point,50.94083333,6.939166667,10
Feature,Point,50.94111111,6.925555556,3
Feature,Point,50.94527778,6.929722222,52
Feature,Point,50.93555556,6.931666667,24
Feature,Point,50.92527778,6.965,1
Feature,Point,50.93555556,6.9775,1
Feature,Point,50.94222222,6.981944444,2
Feature,Point,50.94805556,6.983333333,2
Feature,Point,50.94722222,6.981944444,9
Feature,Point,50.94777778,6.980833333,1
Feature,Point,50.9475,6.983055556,11
Feature,Point,50.94361111,6.974722222,5
Feature,Point,50.95916667,7.018055556,7
Feature,Point,51.21361111,7.007222222,2
Feature,Point,51.25305556,7.146666667,7
Feature,Point,51.24444444,7.149166667,3
Feature,Point,51.28916667,7.325833333,3
Feature,Point,51.3275,7.366388889,2
Feature,Point,51.34694444,7.413888889,2
Feature,Point,51.34805556,7.428055556,1
Feature,Point,51.35361111,7.451388889,2
Feature,Point,51.36,7.4625,2
Feature,Point,51.41111111,7.490277778,1
Feature,Point,51.49527778,7.587777778,1
Feature,Point,51.65111111,7.801111111,13
Feature,Point,51.85805556,8.315,7
Feature,Point,51.86916667,8.325277778,6
Feature,Point,51.98138889,8.486944444,14
Feature,Point,51.99694444,8.504444444,4
Feature,Point,52.04,8.549444444,18
Feature,Point,52.13055556,8.667222222,9
Feature,Point,52.29277778,8.931111111,7
Feature,Point,52.31027778,9.125555556,2
Feature,Point,52.42444444,9.39,1
Feature,Point,52.37555556,9.739444444,3
Feature,Point,52.37583333,9.976111111,15
Feature,Point,52.54305556,11.59111111,8
Feature,Point,52.50444444,13.3275,6
Feature,Point,52.50388889,13.3325,14
Feature,Point,52.49416667,13.33833333,1
Feature,Point,52.49694444,13.34666667,9
Feature,Point,52.49583333,13.3575,17
Feature,Point,52.50083333,13.35805556,6
Feature,Point,52.50416667,13.435,67
Feature,Point,52.51305556,13.44055556,2
Feature,Point,52.51416667,13.42361111,25
Feature,Point,52.51222222,13.43277778,11
Feature,Point,52.54305556,13.35,1
Feature,Point,52.54055556,13.32666667,8
Feature,Point,52.53694444,13.30055556,5
Feature,Point,51.30138889,6.7375,59
Feature,Point,51.27666667,6.762777778,3
Feature,Point,51.27888889,6.764444444,1
Feature,Point,51.27777778,6.764722222,2
Feature,Point,51.27666667,6.765,4
Feature,Point,51.27916667,6.775277778,2
Feature,Point,51.26916667,6.793333333,7
Feature,Point,51.2575,6.799166667,7
Feature,Point,51.215,6.781944444,106
Feature,Point,51.21527778,6.782222222,47
Feature,Point,51.24333333,6.801388889,1
Feature,Point,51.27388889,6.791111111,5
Feature,Point,51.28083333,6.784722222,9
Feature,Point,51.29138889,6.785833333,5
Feature,Point,51.365,6.775833333,6
Feature,Point,51.39527778,6.7725,13
Feature,Point,51.41694444,6.778888889,7
Feature,Point,51.44388889,6.903055556,4
Feature,Point,51.45194444,7.012222222,12
Feature,Point,51.45277778,7.037222222,8
Feature,Point,51.47166667,7.147777778,3
Feature,Point,51.47888889,7.220833333,23
Feature,Point,51.47861111,7.233611111,9
Feature,Point,51.48638889,7.263611111,7
Feature,Point,51.48083333,7.2825,7
Feature,Point,51.4775,7.298055556,2
Feature,Point,51.50833333,7.393611111,9
Feature,Point,51.51305556,7.419722222,5
Feature,Point,51.5125,7.443611111,12
Feature,Point,51.51916667,7.475833333,11
Feature,Point,51.57416667,7.608055556,1
Feature,Point,51.59222222,7.637777778,4
Feature,Point,51.58861111,7.665,10
Feature,Point,51.66,7.792222222,6
Feature,Point,51.67083333,7.798055556,16
Feature,Point,51.90666667,8.383055556,13
Feature,Point,51.9125,8.423333333,1
Feature,Point,52.07805556,8.631944444,11
Feature,Point,52.10944444,8.655555556,17
Feature,Point,52.19055556,8.676666667,5
Feature,Point,52.24138889,8.921944444,3
Feature,Point,52.29611111,8.964722222,10
Feature,Point,52.33694444,9.379166667,24
Feature,Point,52.37777778,9.388611111,25
Feature,Point,52.42694444,9.455833333,8
Feature,Point,52.37916667,9.822777778,5
Feature,Point,52.37527778,9.868888889,8
Feature,Point,52.36555556,9.966111111,11
Feature,Point,52.36138889,10.125,7
Feature,Point,52.42083333,10.76527778,4
Feature,Point,52.53583333,13.35805556,13
Feature,Point,52.51861111,13.37611111,30
Feature,Point,52.51833333,13.37888889,12
Feature,Point,52.51055556,13.24416667,2
Feature,Point,52.60833333,12.35611111,1
Feature,Point,52.42083333,10.75305556,2
Feature,Point,52.38083333,9.738888889,9
Feature,Point,52.39583333,9.675277778,7
Feature,Point,52.40861111,9.505833333,3
Feature,Point,52.27583333,8.890833333,2
Feature,Point,52.22194444,8.821111111,2
Feature,Point,52.17888889,8.674444444,10
Feature,Point,52.06583333,8.586944444,1
Feature,Point,52.05166667,8.552222222,1
Feature,Point,51.94055556,8.434722222,6
Feature,Point,51.64444444,7.767222222,5
Feature,Point,51.61722222,7.747777778,15
Feature,Point,51.58888889,7.668055556,2
Feature,Point,51.58194444,7.661111111,4
Feature,Point,51.52027778,7.488611111,19
Feature,Point,51.51194444,7.434722222,14
Feature,Point,51.48305556,7.248611111,10
Feature,Point,51.46555556,7.206666667,2
Feature,Point,51.46527778,7.18,8
Feature,Point,51.47305556,7.128888889,4
Feature,Point,51.47611111,7.108055556,8
Feature,Point,51.45722222,7.088888889,1
Feature,Point,51.45416667,7.022222222,11
Feature,Point,51.45305556,6.979444444,2
Feature,Point,51.445,6.865833333,4
Feature,Point,51.44583333,6.843611111,1
Feature,Point,51.4275,6.7775,4
Feature,Point,51.24694444,6.789166667,4
Feature,Point,51.21944444,6.768611111,161
Feature,Point,51.22944444,6.747222222,1
Feature,Point,51.21972222,6.792222222,35
Feature,Point,51.40638889,6.776388889,4
Feature,Point,51.425,6.778888889,1
Feature,Point,51.44638889,6.810833333,5
Feature,Point,51.42638889,6.895,2
Feature,Point,51.44916667,7,10
Feature,Point,51.45583333,7.11,2
Feature,Point,51.50805556,7.381666667,1
Feature,Point,51.51944444,7.460833333,37
Feature,Point,51.56666667,7.525833333,5
Feature,Point,51.57916667,7.534722222,3
Feature,Point,51.5875,7.536666667,3
Feature,Point,51.60138889,7.529722222,3
Feature,Point,51.64583333,7.571944444,2
Feature,Point,51.66361111,7.616111111,4
Feature,Point,51.88916667,7.608888889,2
Feature,Point,51.96166667,7.645277778,474
Feature,Point,51.96166667,7.644444444,114
Feature,Point,51.95611111,7.632222222,24
Feature,Point,51.96222222,7.625555556,4
Feature,Point,51.95972222,7.628333333,29
Feature,Point,51.9475,7.614722222,1
Feature,Point,51.94111111,7.610277778,1
Feature,Point,51.92305556,7.558055556,1
Feature,Point,51.90388889,7.42,1
Feature,Point,51.89277778,7.371388889,1
Feature,Point,51.84388889,7.266944444,5
Feature,Point,51.82805556,7.281944444,41
Feature,Point,51.76861111,7.173611111,1
Feature,Point,51.67305556,7.104166667,1
Feature,Point,51.65555556,7.044166667,2
Feature,Point,51.59916667,7.041111111,1
Feature,Point,51.57583333,7.03,3
Feature,Point,51.57527778,7.049722222,2
Feature,Point,51.56027778,7.046944444,1
Feature,Point,51.56083333,7.066944444,2
Feature,Point,51.55472222,7.066666667,3
Feature,Point,51.55416667,7.065833333,3
Feature,Point,51.55555556,7.067777778,6
Feature,Point,51.55361111,7.0675,2
Feature,Point,51.5875,7.036666667,2
Feature,Point,51.62361111,7.036944444,1
Feature,Point,51.58222222,7.050277778,1
Feature,Point,51.81083333,7.197222222,2
Feature,Point,51.91027778,7.522777778,1
Feature,Point,51.92722222,7.586666667,2
Feature,Point,51.94805556,7.625277778,57
Feature,Point,51.95527778,7.628611111,4
Feature,Point,52.02333333,8.523333333,5
Feature,Point,52.28111111,8.911111111,9
Feature,Point,52.26138889,9.033055556,1
Feature,Point,52.37861111,9.647222222,4
Feature,Point,52.37055556,9.775833333,10
Feature,Point,52.43055556,10.58555556,1
Feature,Point,52.50777778,13.36388889,53
Feature,Point,52.51027778,13.37388889,19
Feature,Point,52.525,13.36833333,3
Feature,Point,52.52027778,13.37444444,67
Feature,Point,52.41416667,10.77444444,1
Feature,Point,51.55777778,7.590833333,6
Feature,Point,51.54888889,7.563333333,5
Feature,Point,51.6025,7.6925,4
Feature,Point,51.82638889,8.134166667,2
Feature,Point,51.93666667,8.424444444,4
Feature,Point,52.30055556,9.063055556,2
Feature,Point,52.42611111,9.445555556,2
Feature,Point,52.40055556,9.563611111,1
Feature,Point,52.38611111,9.658333333,11
Feature,Point,52.40611111,9.683611111,1
Feature,Point,52.37805556,9.733055556,6
Feature,Point,52.37111111,9.764722222,4
Feature,Point,52.38805556,9.842777778,1
Feature,Point,52.35666667,9.875,4
Feature,Point,52.45527778,10.44194444,3
Feature,Point,52.40611111,10.73916667,2
Feature,Point,52.53833333,11.40805556,2
Feature,Point,52.59277778,11.85,4
Feature,Point,52.59805556,11.86055556,7
Feature,Point,52.6025,12.3025,2
Feature,Point,52.53861111,13.40222222,6
Feature,Point,52.55027778,13.39444444,7
Feature,Point,52.51694444,13.38388889,12
Feature,Point,52.50833333,13.375,10
Feature,Point,52.50972222,13.37555556,37
Feature,Point,52.53777778,13.21833333,1
Feature,Point,52.41444444,10.61277778,3
Feature,Point,52.38722222,9.965555556,1
Feature,Point,52.35861111,9.815277778,2
Feature,Point,52.33472222,9.780555556,1
Feature,Point,52.27277778,9.839166667,2
Feature,Point,52.24555556,9.869722222,1
Feature,Point,51.72138889,9.980833333,1
Feature,Point,51.22833333,9.476666667,3
Feature,Point,51.22361111,9.480555556,2
Feature,Point,50.90416667,9.583333333,3
Feature,Point,50.51777778,9.679722222,1
Feature,Point,50.26555556,9.3275,1
Feature,Point,50.25222222,9.293055556,2
Feature,Point,50.18611111,9.179166667,1
Feature,Point,50.185,9.151666667,1
Feature,Point,50.18333333,9.122777778,3
Feature,Point,50.16055556,9.049444444,9
Feature,Point,50.14638889,9.023055556,2
Feature,Point,50.12277778,8.93,9
Feature,Point,50.11888889,8.847222222,3
Feature,Point,50.10055556,8.737777778,2
Feature,Point,50.1025,8.649166667,14
Feature,Point,50.10555556,8.650555556,6
Feature,Point,50.10638889,8.661666667,18
Feature,Point,50.10694444,8.661944444,14
Feature,Point,50.11194444,8.641666667,1
Feature,Point,50.11111111,8.646111111,5
Feature,Point,50.11472222,8.644722222,1
Feature,Point,50.11111111,8.645277778,11
Feature,Point,50.09472222,8.658611111,3
Feature,Point,50.075,8.6525,2
Feature,Point,50.06972222,8.641944444,6
Feature,Point,50.05638889,8.618333333,5
Feature,Point,50.05194444,8.572777778,11
Feature,Point,50.03722222,8.53,3
Feature,Point,50.02583333,8.478611111,1
Feature,Point,50.03916667,8.466944444,1
Feature,Point,50.03916667,8.421944444,2
Feature,Point,50.06777778,8.380833333,1
Feature,Point,50.44277778,7.845555556,3
Feature,Point,50.79916667,7.186666667,1
Feature,Point,50.80888889,7.167777778,1
Feature,Point,50.85416667,7.101666667,1
Feature,Point,50.86777778,7.043333333,1
Feature,Point,50.90138889,7.035,3
Feature,Point,50.91333333,7.021944444,4
Feature,Point,50.93138889,7.011388889,5
Feature,Point,50.93888889,6.9725,15
Feature,Point,51.22666667,7.051388889,1
Feature,Point,51.50388889,7.621388889,1
Feature,Point,51.5125,7.650277778,3
Feature,Point,51.73916667,7.877222222,2
Feature,Point,51.78638889,8.009444444,2
Feature,Point,51.82861111,8.145,6
Feature,Point,52.02,8.545555556,4
Feature,Point,52.02166667,8.536111111,11
Feature,Point,52.39444444,9.6525,6
Feature,Point,52.32833333,9.788611111,1
Feature,Point,52.28277778,9.821388889,1
Feature,Point,52.23583333,9.859444444,1
Feature,Point,52.21722222,9.793888889,1
Feature,Point,51.52361111,9.911388889,1
Feature,Point,51.51111111,9.971944444,2
Feature,Point,51.46388889,9.960555556,1
Feature,Point,51.39694444,10.22805556,2
Feature,Point,51.38305556,10.32166667,11
Feature,Point,51.39333333,10.36111111,1
Feature,Point,51.31583333,10.31555556,1
Feature,Point,51.20555556,10.47472222,2
Feature,Point,51.21472222,10.48472222,1
Feature,Point,50.96861111,10.73194444,2
Feature,Point,50.95111111,10.72527778,1
Feature,Point,50.91222222,10.93666667,8
Feature,Point,50.95944444,10.98944444,8
Feature,Point,50.97527778,11.07166667,5
Feature,Point,50.97583333,11.08972222,2
Feature,Point,50.99472222,11.14111111,4
Feature,Point,50.98611111,11.27444444,5
Feature,Point,50.98472222,11.32888889,579
Feature,Point,50.97527778,11.32361111,22
Feature,Point,50.97416667,11.31444444,4
Feature,Point,50.995,11.32,24
Feature,Point,50.99555556,11.33722222,2
Feature,Point,51.14055556,11.71055556,2
Feature,Point,51.36555556,12.34888889,3
Feature,Point,51.36333333,12.37444444,1
Feature,Point,51.35833333,12.37638889,2
Feature,Point,51.35222222,12.37722222,1
Feature,Point,51.35527778,12.39111111,3
Feature,Point,51.37277778,12.40194444,3
Feature,Point,51.44361111,12.36972222,1
Feature,Point,51.62444444,12.31,1
Feature,Point,51.9575,12.88055556,1
Feature,Point,52.51722222,13.38527778,26
Feature,Point,52.55111111,13.38472222,5
Feature,Point,52.55694444,13.39361111,5
Feature,Point,52.58055556,13.42805556,2
Feature,Point,52.64694444,13.38583333,1
Feature,Point,52.68833333,13.28805556,3
Feature,Point,52.715,13.27666667,3
Feature,Point,52.73888889,13.26777778,3
Feature,Point,52.76027778,13.25138889,6
Feature,Point,52.75472222,13.24666667,1
Feature,Point,53.17916667,13.13694444,7
Feature,Point,53.27777778,13.10694444,2
Feature,Point,53.35166667,13.07722222,3
Feature,Point,53.35555556,13.09527778,1
Feature,Point,53.525,12.71805556,1
Feature,Point,53.80222222,12.22444444,2
Feature,Point,53.80138889,12.17361111,6
Feature,Point,54.07472222,12.13888889,7
Feature,Point,54.07944444,12.13277778,4
Feature,Point,54.09,12.13027778,190
Feature,Point,54.085,12.13361111,32
Feature,Point,54.08916667,12.09972222,8
Feature,Point,54.135,12.07194444,479
Feature,Point,54.14666667,12.07944444,27
Feature,Point,54.13861111,12.05972222,49
Feature,Point,54.1375,12.05138889,4
Feature,Point,54.11833333,12.05944444,3
Feature,Point,54.09944444,12.07722222,1
Feature,Point,54.09416667,12.10638889,11
Feature,Point,54.09027778,12.14,15
Feature,Point,54.0975,12.15777778,1
Feature,Point,54.10638889,12.08833333,5
Feature,Point,54.08472222,12.12555556,8
Feature,Point,54.09027778,12.12277778,17
Feature,Point,54.12027778,12.07472222,1
Feature,Point,54.08666667,12.07583333,3
Feature,Point,54.07611111,12.10277778,1
Feature,Point,54.07166667,12.11861111,3
Feature,Point,53.685,12.42472222,1
Feature,Point,53.52138889,12.67972222,1
Feature,Point,53.51027778,12.69083333,1
Feature,Point,53.42944444,12.93666667,2
Feature,Point,53.34083333,13.06916667,1
Feature,Point,53.07222222,13.17916667,2
Feature,Point,52.99861111,13.15333333,4
Feature,Point,52.76972222,13.24777778,2
Feature,Point,52.61444444,13.4525,2
Feature,Point,52.59361111,13.44083333,2
Feature,Point,52.57388889,13.42277778,1
Feature,Point,52.56555556,13.40611111,3
Feature,Point,51.30027778,6.748888889,221
Feature,Point,51.28027778,6.766111111,2
Feature,Point,51.28111111,6.795833333,4
Feature,Point,51.22611111,6.796111111,4
Feature,Point,51.22055556,6.79,32
Feature,Point,51.2175,6.789722222,52
Feature,Point,51.21638889,6.776666667,5
Feature,Point,51.23583333,6.794166667,15
Feature,Point,51.43277778,6.7725,9
Feature,Point,51.44583333,6.799722222,1
Feature,Point,51.45972222,7.035277778,3
Feature,Point,51.44666667,7.054444444,4
Feature,Point,51.46888889,7.161388889,4
Feature,Point,51.47,7.214444444,5
Feature,Point,51.49361111,7.3675,4
Feature,Point,51.53083333,7.529722222,2
Feature,Point,51.59611111,7.675,1
Feature,Point,52.18416667,8.696388889,5
Feature,Point,52.38333333,9.730833333,2
Feature,Point,52.44611111,10.57944444,5
Feature,Point,52.42722222,10.80777778,1
Feature,Point,52.44833333,10.84166667,3
Feature,Point,52.51611111,13.38111111,12
Feature,Point,52.51277778,13.46,1
Feature,Point,52.51277778,13.45222222,3
Feature,Point,52.51861111,13.38055556,9
Feature,Point,52.51888889,13.41583333,7
Feature,Point,52.50888889,13.42416667,25
Feature,Point,52.50416667,13.44694444,19
Feature,Point,52.51055556,13.41694444,7
Feature,Point,52.50305556,13.41694444,8
Feature,Point,52.49861111,13.42611111,5
Feature,Point,52.53472222,13.49111111,1
Feature,Point,52.505,13.4425,50
Feature,Point,52.51666667,13.33444444,13
Feature,Point,52.12361111,8.668888889,3
Feature,Point,52.11694444,8.669722222,1
Feature,Point,51.89222222,8.363055556,2
Feature,Point,51.81777778,8.167777778,1
Feature,Point,51.82166667,8.1425,1
Feature,Point,51.55972222,7.623888889,3
Feature,Point,51.51222222,7.464722222,18
Feature,Point,51.5125,7.465,91
Feature,Point,51.51416667,7.470555556,2
Feature,Point,51.51527778,7.463333333,5
Feature,Point,51.51388889,7.456111111,14
Feature,Point,51.49694444,7.439722222,2
Feature,Point,51.50083333,7.419444444,2
Feature,Point,51.48916667,7.501111111,4
Feature,Point,51.48444444,7.503888889,1
Feature,Point,51.47777778,7.535277778,1
Feature,Point,51.49305556,7.545555556,3
Feature,Point,51.48333333,7.5625,1
Feature,Point,51.49333333,7.556666667,2
Feature,Point,51.53805556,7.675277778,2
Feature,Point,51.54222222,7.687222222,5
Feature,Point,51.53388889,7.688888889,232
Feature,Point,51.59611111,7.759444444,2
Feature,Point,51.61055556,7.761388889,8
Feature,Point,51.71722222,7.819722222,40
Feature,Point,52.3725,9.791111111,3
Feature,Point,52.58305556,12.0475,7
Feature,Point,52.50444444,13.31583333,38
Feature,Point,52.50611111,13.33277778,3
Feature,Point,52.55027778,13.35222222,5
Feature,Point,52.5375,13.34611111,7
Feature,Point,49.49333333,11.08138889,2
Feature,Point,49.51194444,11.01472222,5
Feature,Point,49.49305556,11.07861111,9
Feature,Point,49.43861111,11.06166667,1
Feature,Point,49.47944444,10.96472222,1
Feature,Point,49.49055556,10.92416667,1
Feature,Point,49.51055556,10.88722222,4
Feature,Point,49.51083333,10.88361111,1
Feature,Point,49.51416667,10.87138889,1
Feature,Point,49.70444444,10.20833333,1
Feature,Point,49.78277778,10.06666667,1
Feature,Point,49.80527778,10.07333333,5
Feature,Point,49.79555556,9.998333333,2
Feature,Point,49.80166667,9.933888889,1
Feature,Point,49.99611111,9.57,1
Feature,Point,50.03972222,9.513055556,1
Feature,Point,50.0125,9.296111111,1
Feature,Point,49.99916667,9.228055556,6
Feature,Point,49.98777778,9.168611111,3
Feature,Point,49.97861111,9.137222222,1
Feature,Point,49.99583333,9.069722222,1
Feature,Point,50.00944444,9.059722222,1
Feature,Point,50.02555556,9.040277778,1
Feature,Point,50.04,9.033888889,1
Feature,Point,50.06944444,9.005277778,1
Feature,Point,50.0875,8.953611111,1
Feature,Point,50.12861111,8.879722222,1
Feature,Point,50.12305556,8.857777778,2
Feature,Point,50.10083333,8.723888889,3
Feature,Point,50.10138889,8.681666667,14
Feature,Point,50.1,8.668333333,1
Feature,Point,50.09666667,8.67,37
Feature,Point,50.10861111,8.663055556,4
Feature,Point,50.11222222,8.656388889,36
Feature,Point,50.11583333,8.655,1
Feature,Point,50.105,8.685277778,42
Feature,Point,50.11222222,8.686111111,1
Feature,Point,50.10305556,8.690833333,11
Feature,Point,50.10527778,8.6775,2
Feature,Point,50.05833333,8.588333333,2
Feature,Point,50.05222222,8.570277778,11
Feature,Point,50.04972222,8.569444444,1
Feature,Point,52.51694444,13.37861111,1
Feature,Point,52.48194444,13.33,1
Feature,Point,52.47722222,13.33138889,1
Feature,Point,52.48,13.33555556,14
Feature,Point,52.48527778,13.34722222,2
Feature,Point,52.50944444,13.35166667,3
Feature,Point,52.51611111,13.35166667,12
Feature,Point,52.51444444,13.34861111,3
Feature,Point,52.51444444,13.35194444,1
Feature,Point,52.54472222,13.39194444,1
Feature,Point,52.51583333,13.38027778,25
Feature,Point,52.56555556,13.32583333,3
Feature,Point,52.52583333,13.3275,2
Feature,Point,52.52583333,13.335,4
Feature,Point,52.50472222,13.33722222,3
Feature,Point,52.28305556,9.171944444,1
Feature,Point,51.69361111,7.776666667,8
Feature,Point,51.91055556,7.634166667,1
Feature,Point,51.93694444,7.64,3
Feature,Point,51.94166667,7.626944444,3
Feature,Point,51.84583333,7.671944444,2
Feature,Point,51.68333333,7.828611111,59
Feature,Point,51.67666667,7.820555556,22
Feature,Point,51.68388889,7.868055556,2
Feature,Point,51.70833333,7.814444444,2
Feature,Point,51.68972222,7.843055556,3
Feature,Point,51.77277778,7.938055556,4
Feature,Point,51.85722222,8.291111111,1
Feature,Point,51.89888889,8.354722222,1
Feature,Point,51.98944444,8.481944444,2
Feature,Point,52.01972222,8.528888889,2
Feature,Point,52.56638889,12.96833333,5
Feature,Point,52.53444444,13.26888889,4
Feature,Point,52.51777778,13.37333333,9
Feature,Point,52.50777778,13.39083333,9
Feature,Point,52.50305556,13.38888889,5
Feature,Point,52.54361111,13.41888889,1
Feature,Point,52.55138889,13.41888889,31
Feature,Point,52.54694444,13.41388889,1
Feature,Point,52.50666667,13.36305556,29
Feature,Point,52.51833333,13.43527778,1
Feature,Point,52.57694444,13.27944444,1
Feature,Point,48.68361111,9.214444444,14
Feature,Point,48.67388889,9.184722222,4
Feature,Point,48.67583333,9.201944444,1
Feature,Point,48.69027778,9.195833333,3
Feature,Point,48.69138889,9.194444444,75
Feature,Point,48.69222222,9.203055556,22
Feature,Point,48.70222222,9.209722222,3
Feature,Point,48.72,9.2125,5
Feature,Point,48.76361111,9.205555556,3
Feature,Point,48.77,9.195277778,5
Feature,Point,48.77444444,9.204166667,4
Feature,Point,48.78305556,9.201666667,2
Feature,Point,48.7825,9.2075,1
Feature,Point,48.78444444,9.2175,8
Feature,Point,48.78833333,9.233888889,16
Feature,Point,48.78777778,9.231944444,2
Feature,Point,48.79166667,9.237777778,2
Feature,Point,48.79472222,9.218333333,2
Feature,Point,48.79694444,9.220277778,2
Feature,Point,48.7875,9.207777778,2
Feature,Point,48.76694444,9.188333333,1
Feature,Point,48.72388889,9.2275,1
Feature,Point,48.69305556,9.184166667,52
Feature,Point,48.69027778,9.192777778,1
Feature,Point,48.69166667,9.171388889,1
Feature,Point,48.70805556,9.145555556,1
Feature,Point,48.71694444,9.106111111,1
Feature,Point,48.72861111,9.118888889,1
Feature,Point,48.78388889,9.180833333,10
Feature,Point,48.78194444,9.180833333,1
Feature,Point,48.79138889,9.185277778,4
Feature,Point,48.78833333,9.191944444,4
Feature,Point,48.78722222,9.182222222,1
Feature,Point,48.815,9.166111111,1
Feature,Point,48.82166667,9.168333333,2
Feature,Point,48.87194444,9.134166667,1
Feature,Point,49.22583333,8.517777778,1
Feature,Point,49.44944444,8.530277778,3
Feature,Point,49.46361111,8.488611111,2
Feature,Point,49.45027778,8.504722222,2
Feature,Point,49.47194444,8.479444444,5
Feature,Point,49.48194444,8.466388889,2
Feature,Point,49.46416667,8.471111111,2
Feature,Point,49.4775,8.479444444,2
Feature,Point,49.48138889,8.450555556,2
Feature,Point,49.51583333,8.4825,1
Feature,Point,49.59111111,8.480833333,2
Feature,Point,49.64638889,8.4675,3
Feature,Point,49.76555556,8.548055556,1
Feature,Point,49.85361111,8.498611111,3
Feature,Point,50.01722222,8.589444444,1
Feature,Point,50.09166667,8.673888889,2
Feature,Point,50.10333333,8.706111111,2
Feature,Point,50.10111111,8.765833333,2
Feature,Point,50.11777778,8.921388889,1
Feature,Point,50.19111111,9.221388889,2
Feature,Point,50.26222222,9.368333333,4
Feature,Point,50.54388889,9.691666667,5
Feature,Point,51.03611111,9.572222222,4
Feature,Point,51.32222222,9.457777778,1
Feature,Point,51.33805556,9.462222222,2
Feature,Point,51.34555556,9.475277778,1
Feature,Point,51.34194444,9.518611111,1
Feature,Point,51.54888889,9.925277778,3
Feature,Point,51.58277778,9.930833333,2
Feature,Point,51.96722222,10.0075,2
Feature,Point,52.35277778,9.8075,1
Feature,Point,52.38611111,9.860277778,1
Feature,Point,52.42388889,10.74444444,3
Feature,Point,52.53055556,13.31638889,2
Feature,Point,52.56972222,13.05,2
Feature,Point,52.93333333,12.01138889,1
Feature,Point,52.99,11.7675,1
Feature,Point,53.00527778,11.75944444,1
Feature,Point,53.10388889,11.73222222,3
Feature,Point,53.16277778,11.74083333,2
Feature,Point,53.2975,11.53333333,1
Feature,Point,53.49027778,10.60583333,1
Feature,Point,53.52138889,10.37972222,2
Feature,Point,53.49055556,10.20666667,1
Feature,Point,53.485,10.1675,1
Feature,Point,53.51277778,10.08861111,2
Feature,Point,53.55333333,10.00722222,14
Feature,Point,53.5375,10.03444444,1
Feature,Point,53.57194444,10.06527778,1
Feature,Point,53.635,10.18388889,1
Feature,Point,53.68222222,10.25,2
Feature,Point,53.72222222,10.2675,1
Feature,Point,53.74805556,10.32444444,1
Feature,Point,53.8,10.36027778,2
Feature,Point,53.8675,10.67194444,2
Feature,Point,53.88055556,10.67722222,1
Feature,Point,53.89388889,10.69444444,2
Feature,Point,53.93972222,10.73666667,2
Feature,Point,54.07388889,10.77722222,2
Feature,Point,54.16194444,10.87861111,3
Feature,Point,54.30416667,11.00972222,1
Feature,Point,54.495,11.19916667,4
Feature,Point,54.50138889,11.22555556,13
Feature,Point,54.79805556,9.379722222,1
Feature,Point,54.75777778,9.411111111,3
Feature,Point,54.76861111,9.443333333,1
Feature,Point,54.77027778,9.429722222,2
Feature,Point,54.77861111,9.436111111,1
Feature,Point,54.70027778,9.403333333,1
Feature,Point,54.31138889,9.645555556,1
Feature,Point,54.30416667,9.667222222,2
Feature,Point,54.29888889,9.698888889,1
Feature,Point,54.30916667,9.690555556,3
Feature,Point,54.24527778,9.818611111,1
Feature,Point,54.16805556,9.852222222,2
Feature,Point,54.15777778,9.843888889,1
Feature,Point,54.12388889,9.985555556,2
Feature,Point,54.07583333,9.978611111,2
Feature,Point,54.075,9.915,1
Feature,Point,53.98722222,9.8175,1
Feature,Point,53.94166667,9.735,2
Feature,Point,53.77444444,9.654722222,1
Feature,Point,53.72555556,9.677222222,1
Feature,Point,53.69972222,9.714444444,6
Feature,Point,53.69138889,9.735,1
Feature,Point,53.58444444,9.910555556,1
Feature,Point,53.57861111,9.917777778,2
Feature,Point,53.55,9.953888889,5
Feature,Point,53.55166667,9.941388889,3
Feature,Point,53.55666667,9.950833333,1
Feature,Point,53.55277778,9.956111111,3
Feature,Point,53.56055556,9.978888889,2
Feature,Point,53.5575,9.991111111,1
Feature,Point,53.55361111,10.00305556,3
Feature,Point,53.51916667,10.10277778,1
Feature,Point,53.425,10.68222222,2
Feature,Point,52.89805556,12.32944444,1
Feature,Point,52.58361111,13.00055556,3
Feature,Point,52.54972222,13.10222222,3
Feature,Point,52.53916667,13.36833333,4
Feature,Point,52.64416667,12.6675,5
Feature,Point,52.46388889,11.12638889,9
Feature,Point,52.3975,9.713055556,2
Feature,Point,52.40055556,9.634722222,3
Feature,Point,52.13277778,8.6775,2
Feature,Point,51.92916667,8.4125,4
Feature,Point,51.91777778,8.405555556,8
Feature,Point,51.53666667,7.545833333,6
Feature,Point,51.52277778,7.514166667,2
Feature,Point,51.45666667,7.075277778,4
Feature,Point,51.43611111,6.888055556,4
Feature,Point,51.43777778,6.791388889,1
Feature,Point,51.37638889,6.782222222,4
Feature,Point,51.35527778,6.783333333,3
Feature,Point,51.18944444,6.849444444,4
Feature,Point,51.15388889,6.881111111,2
Feature,Point,51.08333333,6.967222222,1
Feature,Point,51.08472222,6.933888889,4
Feature,Point,51.06472222,6.9575,5
Feature,Point,51.0475,6.995555556,3
Feature,Point,51.02944444,6.991388889,2
Feature,Point,50.98694444,6.998888889,7
Feature,Point,50.86638889,7.074722222,1
Feature,Point,50.855,7.088055556,1
Feature,Point,50.83388889,7.103333333,2
Feature,Point,50.81416667,7.154444444,2
Feature,Point,50.41472222,7.928888889,2
Feature,Point,50.03,8.4875,2
Feature,Point,50.055,8.569722222,2
Feature,Point,50.04027778,8.607222222,1
Feature,Point,49.81277778,8.481388889,1
Feature,Point,49.71777778,8.482777778,1
Feature,Point,49.5575,8.447222222,1
Feature,Point,49.55194444,8.470833333,1
Feature,Point,49.54277778,8.468333333,4
Feature,Point,49.51583333,8.461111111,1
Feature,Point,49.50083333,8.461388889,1
Feature,Point,49.47638889,8.4975,1
Feature,Point,49.33055556,8.549722222,1
Feature,Point,49.31833333,8.542777778,1
Feature,Point,49.18611111,8.483888889,1
Feature,Point,49.05055556,8.4625,1
Feature,Point,49.01555556,8.455,1
Feature,Point,48.99666667,8.404722222,9
Feature,Point,49.005,8.397777778,9
Feature,Point,49.00916667,8.403055556,79
Feature,Point,49.00694444,8.401944444,25
Feature,Point,49.00416667,8.411388889,3
Feature,Point,49.01388889,8.420555556,6
Feature,Point,49.00916667,8.394166667,2
Feature,Point,48.99027778,8.396111111,2
Feature,Point,49.00638889,8.436944444,1
Feature,Point,50.10138889,8.658888889,1
Feature,Point,50.10833333,8.672777778,4
Feature,Point,50.11388889,8.678888889,3
Feature,Point,50.12138889,8.675555556,1
Feature,Point,50.12166667,8.673055556,2
Feature,Point,50.12583333,8.6825,21
Feature,Point,50.11694444,8.679166667,1
Feature,Point,50.09916667,8.755833333,1
Feature,Point,50.13,8.913055556,2
Feature,Point,50.10833333,8.936111111,3
Feature,Point,50.20444444,9.174444444,2
Feature,Point,50.53361111,9.682777778,2
Feature,Point,50.56472222,9.7,1
Feature,Point,50.86666667,9.711388889,1
Feature,Point,50.90666667,9.761944444,3
Feature,Point,50.83722222,10.12972222,1
Feature,Point,51.01388889,10.20833333,3
Feature,Point,50.98138889,10.31944444,3
Feature,Point,50.95027778,10.39916667,5
Feature,Point,50.93472222,10.67611111,3
Feature,Point,50.92333333,10.76472222,2
Feature,Point,50.94333333,10.99972222,4
Feature,Point,50.98388889,11.29805556,1
Feature,Point,50.99583333,11.37944444,1
Feature,Point,51.02444444,11.50222222,1
Feature,Point,51.07583333,11.57916667,1
Feature,Point,51.16861111,11.84,1
Feature,Point,51.21416667,11.97472222,1
Feature,Point,51.21194444,11.99472222,1
Feature,Point,51.33277778,11.99361111,2
Feature,Point,51.40416667,12.0375,1
Feature,Point,51.4275,11.98638889,2
Feature,Point,51.49777778,12.04694444,1
Feature,Point,51.49305556,12.02333333,1
Feature,Point,51.47916667,12.05222222,1
Feature,Point,51.61027778,12.30444444,1
Feature,Point,51.64277778,12.36472222,2
Feature,Point,51.62333333,12.33166667,1
Feature,Point,51.86861111,12.66027778,1
Feature,Point,52.21972222,13.2225,1
Feature,Point,52.25333333,13.26,1
Feature,Point,52.41222222,13.31527778,1
Feature,Point,52.48527778,13.365,1
Feature,Point,52.48194444,13.37361111,2
Feature,Point,52.64333333,13.20916667,1
Feature,Point,52.68583333,13.17388889,6
Feature,Point,52.67833333,13.19527778,2
Feature,Point,52.69444444,13.17416667,1
Feature,Point,52.70805556,13.1325,5
Feature,Point,52.71555556,13.09861111,1
Feature,Point,52.75833333,13.02944444,9
Feature,Point,52.88972222,12.8025,87
Feature,Point,52.92361111,12.80666667,7
Feature,Point,52.93777778,12.81305556,2
Feature,Point,52.81055556,13.0225,2
Feature,Point,52.73555556,13.08638889,1
Feature,Point,52.65222222,13.19888889,3
Feature,Point,52.63944444,13.20111111,1
Feature,Point,52.62111111,13.23555556,1
Feature,Point,52.60916667,13.24944444,2
Feature,Point,52.58944444,13.28416667,2
Feature,Point,52.57777778,13.33305556,6
Feature,Point,52.57305556,13.36,3
Feature,Point,52.57111111,13.38305556,3
Feature,Point,52.54888889,13.405,1
Feature,Point,52.48138889,13.42333333,9
Feature,Point,52.03888889,8.537777778,2
Feature,Point,52.03388889,8.538611111,3
Feature,Point,51.75805556,7.880555556,1
Feature,Point,51.705,7.800277778,1
Feature,Point,51.93055556,7.6275,3
Feature,Point,51.96111111,7.616944444,1
Feature,Point,51.96055556,7.6275,7
Feature,Point,51.96111111,7.628333333,5
Feature,Point,51.98027778,7.726944444,1
Feature,Point,51.90277778,7.604722222,1
Feature,Point,51.7425,7.611388889,2
Feature,Point,51.66527778,7.635833333,2
Feature,Point,51.62888889,7.531944444,2
Feature,Point,51.60833333,7.524444444,3
Feature,Point,51.55055556,7.536944444,1
Feature,Point,51.52805556,7.483333333,1
Feature,Point,51.54527778,7.495,5
Feature,Point,51.49722222,7.274444444,2
Feature,Point,51.44388889,6.919722222,2
Feature,Point,51.42916667,6.883055556,15
Feature,Point,51.22305556,6.803333333,58
Feature,Point,51.17333333,6.859722222,1
Feature,Point,51.1025,6.945277778,1
Feature,Point,51.04222222,6.986666667,4
Feature,Point,50.99833333,6.995555556,2
Feature,Point,50.95583333,7.010833333,1
Feature,Point,50.92472222,6.938611111,1
Feature,Point,50.90388889,6.932222222,3
Feature,Point,50.65694444,7.194722222,1
Feature,Point,50.64027778,7.204444444,1
Feature,Point,50.43527778,7.411944444,2
Feature,Point,50.43361111,7.459444444,3
Feature,Point,50.39333333,7.541111111,2
Feature,Point,50.34083333,7.585277778,234
Feature,Point,50.34583333,7.588611111,3
Feature,Point,50.30888889,7.569444444,47
Feature,Point,50.33111111,7.586111111,13
Feature,Point,50.32833333,7.5975,12
Feature,Point,50.34611111,7.578055556,5
Feature,Point,50.35083333,7.590555556,1
Feature,Point,50.43416667,7.517777778,2
Feature,Point,50.43166667,7.49,2
Feature,Point,50.4475,7.430833333,2
Feature,Point,50.43972222,7.404444444,3
Feature,Point,50.44305556,7.382777778,1
Feature,Point,50.56194444,7.268888889,1
Feature,Point,50.56666667,7.283333333,1
Feature,Point,50.62055556,7.229722222,2
Feature,Point,50.6325,7.219722222,2
Feature,Point,50.73138889,7.134444444,3
Feature,Point,50.79277778,7.151944444,1
Feature,Point,50.80444444,7.158888889,2
Feature,Point,50.785,7.203333333,6
Feature,Point,50.77222222,7.276944444,2
Feature,Point,50.76527778,7.28,1
Feature,Point,50.75972222,7.466944444,23
Feature,Point,50.76722222,7.376111111,1
Feature,Point,50.79027778,7.224166667,1
Feature,Point,50.81305556,7.160833333,2
Feature,Point,50.77638889,7.149166667,3
Feature,Point,50.71833333,7.155,1
Feature,Point,50.70388889,7.161944444,1
Feature,Point,50.67555556,7.195,1
Feature,Point,50.6525,7.198055556,2
Feature,Point,50.59694444,7.227222222,1
Feature,Point,50.57416667,7.283888889,1
Feature,Point,50.54527778,7.252777778,1
Feature,Point,50.38694444,7.561666667,2
Feature,Point,50.37111111,7.595833333,10
Feature,Point,50.36277778,7.586111111,6
Feature,Point,50.32,7.599166667,5
Feature,Point,50.31611111,7.600833333,2
Feature,Point,50.36472222,7.621944444,1
Feature,Point,50.36361111,7.676666667,1
Feature,Point,50.25527778,7.854166667,2
Feature,Point,50.31972222,7.860277778,1
Feature,Point,50.16277778,7.929166667,1
Feature,Point,50.05055556,8.197222222,2
Feature,Point,50.05388889,8.386666667,1
Feature,Point,50.01611111,8.454722222,1
Feature,Point,50.04527778,8.546666667,1
Feature,Point,50.05388889,8.631388889,1
Feature,Point,50.06361111,8.8425,1
Feature,Point,50.03277778,8.938888889,1
Feature,Point,49.9975,9.181666667,1
Feature,Point,50.00888889,9.235555556,6
Feature,Point,49.90222222,9.428055556,3
Feature,Point,49.85944444,9.489444444,5
Feature,Point,49.845,9.6225,2
Feature,Point,49.8525,9.6025,20
Feature,Point,49.84527778,9.603611111,11
Feature,Point,49.88416667,9.608055556,3
Feature,Point,49.98722222,9.031111111,1
Feature,Point,50.04277778,8.966666667,2
Feature,Point,50.06333333,8.798333333,1
Feature,Point,50.05166667,8.567222222,2
Feature,Point,50.04861111,8.568888889,2
Feature,Point,50.05,8.572222222,6
Feature,Point,50.04888889,8.5725,7
Feature,Point,50.045,8.566388889,2
Feature,Point,50.04388889,8.562222222,2
Feature,Point,50.04666667,8.570833333,10
Feature,Point,50.04777778,8.576111111,10
Feature,Point,50.03944444,8.471944444,1
Feature,Point,50.43555556,7.816388889,1
Feature,Point,50.68694444,7.2725,5
Feature,Point,50.74472222,7.232222222,1
Feature,Point,50.79305556,7.208055556,7
Feature,Point,50.88638889,7.058333333,1
Feature,Point,50.93444444,6.991111111,2
Feature,Point,50.93805556,6.985,2
Feature,Point,50.92055556,6.961944444,17
Feature,Point,50.91666667,6.961111111,2
Feature,Point,50.92527778,6.956944444,5
Feature,Point,50.94111111,6.950555556,1
Feature,Point,51.075,6.989722222,1
Feature,Point,51.12166667,6.925277778,2
Feature,Point,51.13055556,6.908333333,3
Feature,Point,51.20361111,6.816666667,9
Feature,Point,51.20611111,6.809166667,4
Feature,Point,51.48194444,7.333055556,11
Feature,Point,51.50611111,7.411388889,2
Feature,Point,51.51611111,7.506666667,1
Feature,Point,51.89527778,8.301388889,1
Feature,Point,52.425,10.80027778,1
Feature,Point,52.60388889,11.84861111,1
Feature,Point,52.50805556,13.30666667,1
Feature,Point,52.51527778,13.32694444,5
Feature,Point,52.55055556,13.16555556,1
Feature,Point,52.38361111,9.824722222,2
Feature,Point,52.18833333,8.713888889,1
Feature,Point,52.06805556,8.608055556,5
Feature,Point,52.00583333,8.521111111,1
Feature,Point,51.91166667,8.397777778,6
Feature,Point,51.51055556,7.516111111,1
Feature,Point,51.46527778,7.152777778,2
Feature,Point,51.46722222,7.0975,1
Feature,Point,51.44611111,6.993888889,1
Feature,Point,51.30555556,6.785,1
Feature,Point,51.25861111,6.753611111,2
Feature,Point,51.2425,6.776111111,1
Feature,Point,51.235,6.773611111,3
Feature,Point,51.23,6.775555556,1
Feature,Point,51.21527778,6.750833333,10
Feature,Point,51.21833333,6.766666667,1
Feature,Point,51.21138889,6.759444444,14
Feature,Point,51.48055556,6.959166667,1
Feature,Point,51.47972222,7.002222222,1
Feature,Point,51.49916667,7.052777778,3
Feature,Point,51.51194444,7.110555556,1
Feature,Point,51.52388889,7.163333333,2
Feature,Point,51.53222222,7.156666667,1
Feature,Point,51.6125,7.204722222,1
Feature,Point,51.6525,7.1975,1
Feature,Point,51.73638889,7.178611111,2
Feature,Point,51.75333333,7.196111111,1
Feature,Point,51.81722222,7.2625,1
Feature,Point,51.84222222,7.322777778,1
Feature,Point,51.95472222,7.620277778,24
Feature,Point,51.95638889,7.602222222,3
Feature,Point,51.79722222,7.735833333,4
Feature,Point,51.65166667,7.858055556,1
Feature,Point,51.63472222,7.914444444,2
Feature,Point,51.5825,8.107222222,2
Feature,Point,51.57444444,8.116944444,2
Feature,Point,51.55416667,8.157222222,1
Feature,Point,51.66027778,8.334166667,2
Feature,Point,51.66777778,8.345555556,1
Feature,Point,51.67055556,8.358888889,4
Feature,Point,51.67333333,8.376388889,1
Feature,Point,51.63916667,8.469166667,4
Feature,Point,51.65361111,8.4975,2
Feature,Point,51.71305556,8.626944444,2
Feature,Point,51.73555556,8.684166667,1
Feature,Point,51.70638889,8.703055556,1
Feature,Point,51.70611111,8.727777778,2
Feature,Point,51.70833333,8.780277778,1
Feature,Point,51.73138889,8.787222222,1
Feature,Point,51.72361111,8.794722222,1
Feature,Point,51.76888889,8.943055556,2
Feature,Point,51.48833333,9.140277778,2
Feature,Point,51.51777778,9.096666667,1
Feature,Point,51.49833333,9.160277778,1
Feature,Point,51.39833333,9.473055556,1
Feature,Point,51.36305556,9.4675,2
Feature,Point,51.32777778,9.473333333,2
Feature,Point,51.31583333,9.461944444,1
Feature,Point,51.27472222,9.448055556,1
Feature,Point,51.26694444,9.458611111,1
Feature,Point,51.13444444,9.533611111,2
Feature,Point,51.03861111,9.686944444,1
Feature,Point,51.06555556,9.613611111,1
Feature,Point,51.00305556,9.737777778,1
Feature,Point,50.95472222,10.04444444,2
Feature,Point,50.98333333,10.28333333,4
Feature,Point,50.97944444,10.30638889,1
Feature,Point,50.89416667,10.71,1
Feature,Point,50.93722222,10.70055556,5
Feature,Point,50.93027778,10.98638889,1
Feature,Point,51.00111111,11.0925,3
Feature,Point,50.99,11.22388889,2
Feature,Point,50.97944444,11.34333333,121
Feature,Point,50.97166667,11.34416667,20
Feature,Point,50.98916667,11.30833333,3
Feature,Point,51.00277778,11.31138889,4
Feature,Point,50.98833333,11.07027778,1
Feature,Point,50.97138889,11.06111111,1
Feature,Point,50.9675,11.05111111,1
Feature,Point,50.97694444,11.03805556,2
Feature,Point,50.94444444,10.73861111,3
Feature,Point,50.93861111,10.71777778,5
Feature,Point,50.90944444,10.56027778,1
Feature,Point,50.95333333,10.46194444,2
Feature,Point,50.97277778,10.35416667,3
Feature,Point,51.00916667,10.17527778,2
Feature,Point,50.98083333,10.0725,2
Feature,Point,50.88,10.01194444,1
Feature,Point,50.94166667,9.935833333,1
Feature,Point,50.75722222,9.679722222,1
Feature,Point,50.69111111,9.759166667,2
Feature,Point,50.66222222,9.756111111,6
Feature,Point,50.60416667,9.676666667,1
Feature,Point,50.59916667,9.758333333,2
Feature,Point,50.55638889,9.713333333,1
Feature,Point,50.29722222,9.369722222,5
Feature,Point,50.13333333,8.887777778,2
Feature,Point,50.09611111,8.702777778,1
Feature,Point,50.08138889,8.636111111,1
Feature,Point,50.5575,7.535,1
Feature,Point,50.58111111,7.468055556,1
Feature,Point,50.61222222,7.423333333,1
Feature,Point,50.81833333,7.134444444,1
Feature,Point,50.95472222,6.995277778,2
Feature,Point,51.01888889,6.983611111,1
Feature,Point,51.03583333,6.988888889,1
Feature,Point,51.14527778,6.899722222,1
Feature,Point,51.16138889,6.888333333,2
Feature,Point,51.21972222,6.796388889,1
Feature,Point,51.22055556,6.777777778,38
Feature,Point,51.14694444,6.889722222,1
Feature,Point,51.04666667,6.9825,1
Feature,Point,50.95138889,6.958888889,62
Feature,Point,51.00277778,7.019166667,1
Feature,Point,51.03138889,7.008611111,3
Feature,Point,51.05666667,7.006666667,2
Feature,Point,51.19361111,6.991944444,1
Feature,Point,51.21388889,7.0075,1
Feature,Point,51.27,7.1975,1
Feature,Point,51.26527778,7.186388889,1
Feature,Point,51.29166667,7.3025,4
Feature,Point,51.31944444,7.310833333,1
Feature,Point,51.33361111,7.3775,1
Feature,Point,51.36694444,7.469166667,2
Feature,Point,51.39166667,7.455833333,1
Feature,Point,51.44666667,7.580277778,1
Feature,Point,51.58277778,7.796388889,1
Feature,Point,52.57333333,12.68583333,3
Feature,Point,52.58805556,12.74027778,6
Feature,Point,52.49444444,13.36722222,27
Feature,Point,52.40722222,10.93805556,1
Feature,Point,52.39583333,9.967777778,1
Feature,Point,52.24555556,9.127222222,1
Feature,Point,51.86361111,8.289722222,1
Feature,Point,51.46083333,6.971111111,1
Feature,Point,51.46972222,6.822777778,1
Feature,Point,51.4325,6.8275,2
Feature,Point,51.58,7.671111111,2
Feature,Point,51.9825,8.532222222,1
Feature,Point,52.53138889,13.29944444,2
Feature,Point,52.43472222,13.1925,3
Feature,Point,52.39666667,13.11888889,2
Feature,Point,52.39333333,13.03138889,1
Feature,Point,52.40583333,12.56777778,5
Feature,Point,52.37555556,12.50361111,1
Feature,Point,52.40472222,12.15361111,6
Feature,Point,52.18027778,11.73944444,8
Feature,Point,52.15333333,11.73277778,2
Feature,Point,52.1425,11.6775,4
Feature,Point,52.13222222,11.61888889,2
Feature,Point,52.12527778,11.63138889,4
Feature,Point,52.12888889,11.63194444,2
Feature,Point,52.2275,11.80527778,2
Feature,Point,52.27083333,11.84722222,2
Feature,Point,52.32166667,11.89388889,1
Feature,Point,52.34861111,11.98055556,1
Feature,Point,52.38777778,12.35166667,1
Feature,Point,52.39527778,12.54638889,2
Feature,Point,52.39416667,12.92472222,2
Feature,Point,52.39138889,13.02166667,3
Feature,Point,52.4175,13.12777778,1
Feature,Point,52.46972222,13.23916667,1
Feature,Point,52.48833333,13.26388889,2
Feature,Point,52.54583333,13.3775,2
Feature,Point,52.45277778,13.43194444,10
Feature,Point,52.44305556,13.43,12
Feature,Point,52.45861111,13.43555556,2
Feature,Point,52.59833333,11.97888889,2
Feature,Point,52.54194444,11.95805556,1
Feature,Point,52.48722222,11.205,10
Feature,Point,52.43805556,10.74722222,1
Feature,Point,52.35388889,10.71,2
Feature,Point,52.15,9.890833333,1
Feature,Point,50.46277778,9.669722222,1
Feature,Point,50.11972222,8.818611111,2
Feature,Point,50.1025,8.778055556,4
Feature,Point,50.11305556,8.652777778,2
Feature,Point,50.11861111,8.655555556,10
Feature,Point,50.11722222,8.649722222,6
Feature,Point,50.12,8.654166667,1
Feature,Point,50.10777778,8.7925,1
Feature,Point,51.08416667,9.573888889,1
Feature,Point,52.26972222,10.17416667,1
Feature,Point,52.20888889,10.17277778,1
Feature,Point,52.22611111,10.25361111,1
Feature,Point,52.42194444,10.7875,1
Feature,Point,52.54166667,13.19666667,1
Feature,Point,52.51888889,13.27277778,1
Feature,Point,52.46833333,13.44638889,2
Feature,Point,52.46138889,13.50444444,2
Feature,Point,52.45361111,13.50555556,2
Feature,Point,52.45722222,13.53805556,2
Feature,Point,52.44805556,13.56666667,5
Feature,Point,52.44416667,13.57916667,5
Feature,Point,52.45333333,13.52222222,2
Feature,Point,51.46972222,7.229166667,3
Feature,Point,51.45416667,6.968333333,2
Feature,Point,51.44388889,6.942777778,2
Feature,Point,51.42638889,6.871388889,26
Feature,Point,51.46305556,6.947777778,2
Feature,Point,51.45555556,7.15,1
Feature,Point,51.52138889,7.449166667,2
Feature,Point,51.49555556,7.451666667,1
Feature,Point,51.485,7.498611111,2
Feature,Point,51.56666667,7.710833333,2
Feature,Point,52.03111111,8.554444444,1
Feature,Point,52.32805556,9.222222222,1
Feature,Point,52.38805556,9.7325,1
Feature,Point,52.46916667,13.34111111,1
Feature,Point,52.55638889,13.385,19
Feature,Point,52.51166667,13.31027778,2
Feature,Point,52.5025,13.34194444,46
Feature,Point,52.46472222,13.27694444,4
Feature,Point,51.55388889,7.69,1
Feature,Point,51.57027778,7.671388889,1
Feature,Point,51.45833333,7.006944444,7
Feature,Point,51.42888889,6.998333333,24
Feature,Point,51.42861111,6.994444444,78
Feature,Point,51.42388889,7.001944444,3
Feature,Point,51.42972222,7.000277778,4
Feature,Point,51.44166667,6.999444444,9
Feature,Point,52.40444444,9.711388889,1
Feature,Point,52.43361111,10.78333333,1
Feature,Point,52.51472222,13.39694444,14
Feature,Point,52.50194444,13.34305556,2
Feature,Point,52.50111111,13.35027778,3
Feature,Point,52.48555556,13.37472222,1
Feature,Point,52.5025,13.38277778,1
Feature,Point,52.51166667,13.37416667,3
Feature,Point,52.53222222,13.42916667,3
Feature,Point,52.50416667,13.35055556,2
Feature,Point,52.54722222,13.05722222,1
Feature,Point,52.27916667,10.56055556,1
Feature,Point,52.27555556,10.53666667,2
Feature,Point,52.27527778,10.53527778,8
Feature,Point,52.27694444,10.54833333,4
Feature,Point,52.24916667,10.72972222,1
Feature,Point,52.53222222,13.14472222,2
Feature,Point,52.52666667,11.39083333,2
Feature,Point,51.92166667,7.633055556,1
Feature,Point,51.96916667,7.611388889,1
Feature,Point,51.86333333,7.576666667,1
Feature,Point,51.78638889,7.605277778,1
Feature,Point,51.33194444,6.795,1
Feature,Point,51.21111111,6.764722222,34
Feature,Point,51.22305556,6.772777778,4
Feature,Point,51.45222222,6.858333333,1
Feature,Point,51.44638889,7.062777778,2
Feature,Point,51.83611111,8.154444444,2
Feature,Point,52.54166667,13.42527778,4
Feature,Point,52.54,13.43361111,1
Feature,Point,52.55305556,13.43416667,21
Feature,Point,52.55777778,13.42972222,1
Feature,Point,52.53611111,13.42277778,2
Feature,Point,52.39916667,9.591111111,1
Feature,Point,52.19694444,8.784444444,1
Feature,Point,52.13555556,8.694166667,1
Feature,Point,51.74805556,7.8975,1
Feature,Point,51.50361111,7.367222222,1
Feature,Point,51.43694444,6.939444444,1
Feature,Point,51.32361111,6.780555556,1
Feature,Point,52.03083333,8.544722222,1
Feature,Point,52.06111111,8.6275,1
Feature,Point,52.51138889,13.49777778,1
Feature,Point,52.50027778,13.37555556,2
Feature,Point,52.5,13.33805556,4
